,fixed acidity,volatile acidity,citric acid,residual sugar,chlorides,free sulfur dioxide,total sulfur dioxide,density,pH,sulphates,alcohol,quality
min,4.6,0.12,0.0,0.9,0.012,1.0,6.0,0.99007,2.74,0.33,8.4,3.0
max,15.9,1.58,1.0,15.5,0.611,72.0,289.0,1.00369,4.01,2.0,14.9,8.0
mean,8.31963727329581,0.5278205128205128,0.2709756097560976,2.53880550343965,0.08746654158849279,15.874921826141339,46.46779237023139,0.9967466791744841,3.3111131957473416,0.6581488430268917,10.422983114446529,5.6360225140712945
